{"inv_0": 26.980921150285283, "inv_1": 25.72853732894448, "inv_2": 32.06320032318311, "inv_3": 19.279104167296218, "inv_4": 29.1150367984281, "inv_5": 22.490878057131404, "inv_6": 25.04242075067863, "inv_7": 30.058507173704584, "inv_8": 28.951106091803037, "inv_9": 25.094998578959306, "inv_10": 20.31037323933242, "inv_11": 20.9812238898573, "inv_12": 21.59161844813317, "inv_13": 25.040992084152116, "inv_14": 29.050909918325882, "inv_15": 14.003316492633422, "inv_16": 28.212826302351672, "inv_17": 31.298994767317453, "inv_18": 24.378717365915193, "inv_19": 21.763799592721533, "inv_20": 26.167329613257397, "inv_21": 26.39237051341448, "inv_22": 13.154918689971577, "inv_23": 37.28088849634322, "inv_24": 29.14450357873966, "inv_25": 35.62022639029284, "inv_26": 26.48821902662699, "inv_27": 23.715749647712315, "inv_28": 25.273621823256413, "inv_29": 33.87048738026031, "inv_30": 26.02551558572311, "inv_31": 21.765441591972127, "inv_32": 25.36523591106924, "inv_33": 19.81378667765716, "inv_34": 33.62764013612279, "inv_35": 21.71993315322159, "inv_36": 34.33112071051115, "inv_37": 23.89636676160403, "inv_38": 24.66770276409203, "inv_39": 27.01609689169274, "inv_40": 32.044360287497646, "inv_41": 20.428290735906618, "inv_42": 25.707047300406416, "inv_43": 33.76226598484372, "inv_44": 26.51689732208963, "inv_45": 21.047456845658612, "inv_46": 21.32405982634374, "inv_47": 27.992619678582194, "inv_48": 21.20920379555776, "inv_49": 20.457461323410815, "inv_50": 31.582803631475795, "inv_51": 33.05696534461174, "inv_52": 25.512291050153063, "inv_53": 26.812373804860876, "inv_54": 33.76420736197881, "inv_55": 34.469591762051174, "inv_56": 20.331098597753734, "inv_57": 31.785177187548808, "inv_58": 23.748651974644687, "inv_59": 31.774954170204705, "inv_60": 17.715306937876353, "inv_61": 30.939705473734882, "inv_62": 24.48736583788851, "inv_63": 23.845294684841207, "inv_64": 25.448241668603483, "inv_65": 28.781426369767665, "inv_66": 39.97489539123799, "inv_67": 21.16239629190886, "inv_68": 30.25096487686218, "inv_69": 28.14828829800925, "inv_70": 29.849870956536478, "inv_71": 18.687816057805808, "inv_72": 31.23577300869509, "inv_73": 33.53181488708404, "inv_74": 15.927227001447076, "inv_75": 32.13873833100279, "inv_76": 19.871297725875863, "inv_77": 33.485577231785584, "inv_78": 33.33532866171466, "inv_79": 24.372567697832654, "inv_80": 24.88298361653011, "inv_81": 30.23539206086215, "inv_82": 33.893250772274904, "inv_83": 21.866431531248427, "inv_84": 25.36275430233788, "inv_85": 21.85856242835015, "inv_86": 42.034975862607624, "inv_87": 18.81237702287087, "inv_88": 31.913339265802303, "inv_89": 38.454037012997745, "inv_90": 19.977149273899148, "inv_91": 18.660978670765946, "inv_92": 36.47987388325284, "inv_93": 23.36144501586336, "inv_94": 24.438999707917795, "inv_95": 25.946268578360236, "inv_96": 17.494239012195628, "inv_97": 28.546253308706852, "inv_98": 43.741678359459165, "inv_99": 22.555258941338813}