{"inv_0": 29.628834246509236, "inv_1": 26.92753447053165, "inv_2": 28.080043972664214, "inv_3": 34.92786593108815, "inv_4": 26.814673648012583, "inv_5": 25.357883503500656, "inv_6": 28.111848502989574, "inv_7": 18.802062686882575, "inv_8": 15.242567565058968, "inv_9": 21.274961763659082, "inv_10": 25.90453859265049, "inv_11": 18.044438164466936, "inv_12": 28.08614737282093, "inv_13": 29.089306550244437, "inv_14": 30.338815643226585, "inv_15": 17.036679615378596, "inv_16": 17.85205933123024, "inv_17": 26.24065645073074, "inv_18": 24.391040686778563, "inv_19": 22.845053836986185, "inv_20": 27.12172088484714, "inv_21": 26.87149783471362, "inv_22": 27.735435225509253, "inv_23": 25.835208467859896, "inv_24": 22.69787982227276, "inv_25": 26.083796939266048, "inv_26": 33.35783876936719, "inv_27": 26.33197241206339, "inv_28": 23.778788323188962, "inv_29": 31.511532966337118, "inv_30": 24.313741962911013, "inv_31": 28.611060739999008, "inv_32": 28.383019570892174, "inv_33": 33.10265071728993, "inv_34": 32.32255763162948, "inv_35": 29.605186971348548, "inv_36": 31.639836177619017, "inv_37": 20.926264001671296, "inv_38": 28.53304988290825, "inv_39": 36.0020042095154, "inv_40": 16.265038115175212, "inv_41": 20.684142620641797, "inv_42": 25.471638060948106, "inv_43": 16.112667996491258, "inv_44": 23.432989016664667, "inv_45": 34.31723226677037, "inv_46": 29.76743372686608, "inv_47": 26.060086602968816, "inv_48": 27.657873575298773, "inv_49": 24.251526104132896, "inv_50": 29.80183747326143, "inv_51": 21.88261835828937, "inv_52": 38.05551024011486, "inv_53": 14.903695617728884, "inv_54": 40.733157213382704, "inv_55": 18.38098767092698, "inv_56": 28.104765326471927, "inv_57": 50.314223517070126, "inv_58": 27.87015045378971, "inv_59": 30.65264744840652, "inv_60": 27.29579382054134, "inv_61": 23.818619510913162, "inv_62": 17.631625640099273, "inv_63": 24.837224200213953, "inv_64": 27.903611499711477, "inv_65": 17.89510590545242, "inv_66": 42.8648096951366, "inv_67": 43.381589490404046, "inv_68": 27.477626328465035, "inv_69": 28.38026936009833, "inv_70": 25.702441618059034, "inv_71": 28.334823477630458, "inv_72": 29.174042081895358, "inv_73": 20.13315142962497, "inv_74": 30.72270245872618, "inv_75": 30.803697534842733, "inv_76": 17.635500849434884, "inv_77": 22.11775429808591, "inv_78": 19.83922269694605, "inv_79": 18.8679720820483, "inv_80": 45.56782203846239, "inv_81": 29.194208973064573, "inv_82": 17.699977689766072, "inv_83": 19.429671655006373, "inv_84": 23.881959608882873, "inv_85": 21.229516148865226, "inv_86": 18.353887732194234, "inv_87": 23.625966318114052, "inv_88": 35.67750255153578, "inv_89": 24.395385553604093, "inv_90": 17.71769563246427, "inv_91": 15.019296229889118, "inv_92": 17.917536130244443, "inv_93": 17.85515712069823, "inv_94": 32.52231806574976, "inv_95": 22.724244755843603, "inv_96": 25.130624061248483, "inv_97": 29.11471282977936, "inv_98": 19.30442624037686, "inv_99": 29.632872390536484}