{"inv_0": 18.13750697361189, "inv_1": 29.249400069877527, "inv_2": 22.48652272879127, "inv_3": 23.33331370455515, "inv_4": 28.676851121680485, "inv_5": 38.07583680402564, "inv_6": 32.845275079238256, "inv_7": 21.340532282046798, "inv_8": 36.53931697034891, "inv_9": 19.474433455920533, "inv_10": 25.036041017850902, "inv_11": 23.329343450513413, "inv_12": 22.76035379539839, "inv_13": 27.625631099288, "inv_14": 26.450071617315903, "inv_15": 44.541090208978616, "inv_16": 26.01164690031146, "inv_17": 24.589358444406532, "inv_18": 32.23615752232279, "inv_19": 13.22074410658278, "inv_20": 31.46099580673948, "inv_21": 26.11413213418201, "inv_22": 32.34018970755735, "inv_23": 22.124424256752274, "inv_24": 33.1894065937972, "inv_25": 35.62650112345505, "inv_26": 17.248910614851855, "inv_27": 25.92088211639345, "inv_28": 31.589934546791113, "inv_29": 11.843580271122983, "inv_30": 23.402838054102368, "inv_31": 23.084401659088268, "inv_32": 26.320618830450286, "inv_33": 27.53794850208565, "inv_34": 29.725414303303307, "inv_35": 29.30513208184711, "inv_36": 21.56421968091291, "inv_37": 31.7497438746602, "inv_38": 36.97705548357233, "inv_39": 33.365430122316006, "inv_40": 38.28116129741194, "inv_41": 35.58389080825833, "inv_42": 31.0590365699742, "inv_43": 25.929651901196227, "inv_44": 21.76782584981542, "inv_45": 20.187076483207605, "inv_46": 25.158462426189352, "inv_47": 18.55037348060468, "inv_48": 31.04649330124766, "inv_49": 28.996892491834878, "inv_50": 32.1298692910249, "inv_51": 17.364362344918703, "inv_52": 29.029387107876307, "inv_53": 20.944237598125202, "inv_54": 22.242698881819198, "inv_55": 38.58296593809936, "inv_56": 25.81016516704966, "inv_57": 21.128343552692414, "inv_58": 19.386120200533732, "inv_59": 32.69900389894725, "inv_60": 33.37953260959004, "inv_61": 20.609548904743654, "inv_62": 24.15711790033487, "inv_63": 21.01251804054743, "inv_64": 23.823395748889183, "inv_65": 30.48193183207249, "inv_66": 28.77234038924629, "inv_67": 22.910827486418217, "inv_68": 26.817859406743523, "inv_69": 33.85892534857616, "inv_70": 19.396553742315294, "inv_71": 25.76734429712595, "inv_72": 32.901363510532114, "inv_73": 31.12458101647013, "inv_74": 15.850956673403141, "inv_75": 26.072776730217974, "inv_76": 26.803706471985322, "inv_77": 20.53322146986206, "inv_78": 24.62771301022851, "inv_79": 34.82400128301209, "inv_80": 18.55121620394678, "inv_81": 29.38739157577739, "inv_82": 27.161886379187177, "inv_83": 24.95003011899396, "inv_84": 21.123637192875766, "inv_85": 30.603944625316576, "inv_86": 27.850983714460853, "inv_87": 27.005259871927628, "inv_88": 28.986138517246467, "inv_89": 23.43037388212284, "inv_90": 18.987201598200997, "inv_91": 19.751921399288975, "inv_92": 32.434505204085305, "inv_93": 13.991211590488177, "inv_94": 26.9967942938839, "inv_95": 18.765523825562155, "inv_96": 31.94938315776919, "inv_97": 15.665394191431428, "inv_98": 25.77096024525742, "inv_99": 19.407675336506944}