{"inv_0": 18.750009073245735, "inv_1": 29.465705239295914, "inv_2": 31.200881427040077, "inv_3": 23.959461077385033, "inv_4": 29.13884687903179, "inv_5": 41.89828104582317, "inv_6": 15.37853535251402, "inv_7": 28.00906589655691, "inv_8": 30.52272816565563, "inv_9": 23.72020997930931, "inv_10": 17.224373882607082, "inv_11": 36.0074302425306, "inv_12": 25.314704944349014, "inv_13": 26.740226058163646, "inv_14": 24.574240904963617, "inv_15": 17.646892005578632, "inv_16": 20.91837452004834, "inv_17": 29.513517101777623, "inv_18": 23.847584162881983, "inv_19": 34.19128162481311, "inv_20": 28.910270573270175, "inv_21": 25.260247735509964, "inv_22": 26.931740407714337, "inv_23": 20.49421806425083, "inv_24": 23.884142469131085, "inv_25": 27.78718236669313, "inv_26": 29.393614113053566, "inv_27": 18.35278160748582, "inv_28": 45.59721527086148, "inv_29": 18.62501582159007, "inv_30": 22.73433609736219, "inv_31": 22.660513313263312, "inv_32": 38.97519552697112, "inv_33": 24.256789775629755, "inv_34": 28.404914724459896, "inv_35": 20.930564891264385, "inv_36": 32.651202173015996, "inv_37": 20.14034892863083, "inv_38": 16.43208394371422, "inv_39": 34.197081380985, "inv_40": 31.308562027035073, "inv_41": 18.014706468151154, "inv_42": 28.2071579436268, "inv_43": 19.070220032971353, "inv_44": 24.147210904291367, "inv_45": 33.39580821278579, "inv_46": 18.48868737352405, "inv_47": 32.82934156086526, "inv_48": 27.886911422195745, "inv_49": 37.792530041271505, "inv_50": 22.520370266070888, "inv_51": 28.728992230060037, "inv_52": 28.03641685490505, "inv_53": 23.656564534936827, "inv_54": 35.74895868954514, "inv_55": 26.00931998319852, "inv_56": 23.15426558251425, "inv_57": 28.0964632401809, "inv_58": 20.08825044362756, "inv_59": 40.47241215272559, "inv_60": 33.543313367605734, "inv_61": 36.53401394675706, "inv_62": 21.174209369699227, "inv_63": 27.9594812053704, "inv_64": 21.561057808938035, "inv_65": 23.59138221047371, "inv_66": 16.983855448426116, "inv_67": 37.99898634211971, "inv_68": 25.974858058123644, "inv_69": 46.20897402085775, "inv_70": 28.689676808610393, "inv_71": 20.746367368649604, "inv_72": 22.829838576186823, "inv_73": 21.74781014818805, "inv_74": 31.199867165828124, "inv_75": 33.72736259108421, "inv_76": 22.374702817615805, "inv_77": 21.648729355322182, "inv_78": 31.381177837901824, "inv_79": 27.073399814182594, "inv_80": 30.870282641376996, "inv_81": 27.286988163561777, "inv_82": 23.943462881849563, "inv_83": 20.61420202214833, "inv_84": 15.974733585436308, "inv_85": 29.437881748736267, "inv_86": 27.425937711159886, "inv_87": 30.16534050796295, "inv_88": 25.866534848744575, "inv_89": 19.630938467714227, "inv_90": 19.911425141826864, "inv_91": 26.31008167753537, "inv_92": 29.900241695552996, "inv_93": 23.89957642550271, "inv_94": 20.28633807901574, "inv_95": 33.83360085951497, "inv_96": 22.176066244738273, "inv_97": 25.884132700558634, "inv_98": 32.49218621668942, "inv_99": 33.537459677966496}